{"improvement_factor": 1.0479023456573486, "baseline_improvement_factor": 2.052266836166382}