{"improvement_factor": 1.104548454284668, "baseline_improvement_factor": 2.052266836166382}