{"improvement_factor": 1.4859950542449951, "baseline_improvement_factor": 2.052266836166382}