{"improvement_factor": 1.8097299337387085, "baseline_improvement_factor": 2.052266836166382}