{"improvement_factor": 1.780795693397522, "baseline_improvement_factor": 2.052266836166382}