{"improvement_factor": 1.6383453607559204, "baseline_improvement_factor": 2.052266836166382}