{"improvement_factor": 1.3060433864593506, "baseline_improvement_factor": 2.052266836166382}