{"improvement_factor": 1.270984172821045, "baseline_improvement_factor": 2.052266836166382}