{"improvement_factor": 1.0254724025726318, "baseline_improvement_factor": 2.052266836166382}