{"improvement_factor": 1.8137797117233276, "baseline_improvement_factor": 2.052266836166382}