{"improvement_factor": 1.5339244604110718, "baseline_improvement_factor": 2.052266836166382}