{"improvement_factor": 1.0022294521331787, "baseline_improvement_factor": 2.052266836166382}