{"improvement_factor": 1.438368320465088, "baseline_improvement_factor": 2.052266836166382}