{"improvement_factor": 1.5761090517044067, "baseline_improvement_factor": 2.052266836166382}