{"improvement_factor": 1.4509034156799316, "baseline_improvement_factor": 2.052266836166382}