{"improvement_factor": 1.5732513666152954, "baseline_improvement_factor": 2.052266836166382}