{"improvement_factor": 1.8505542278289795, "baseline_improvement_factor": 2.052266836166382}