{"improvement_factor": 1.52751886844635, "baseline_improvement_factor": 2.052266836166382}