{"improvement_factor": 1.2944811582565308, "baseline_improvement_factor": 2.052266836166382}