{"improvement_factor": 1.5149109363555908, "baseline_improvement_factor": 2.052266836166382}