{"improvement_factor": 1.3425742387771606, "baseline_improvement_factor": 2.052266836166382}