{"improvement_factor": 1.4630227088928223, "baseline_improvement_factor": 2.052266836166382}