{"improvement_factor": 1.8661994934082031, "baseline_improvement_factor": 2.052266836166382}