{"improvement_factor": 1.7285387516021729, "baseline_improvement_factor": 2.052266836166382}