{"improvement_factor": 1.2627006769180298, "baseline_improvement_factor": 2.052266836166382}