{"improvement_factor": 1.7149664163589478, "baseline_improvement_factor": 2.052266836166382}