{"improvement_factor": 1.7707035541534424, "baseline_improvement_factor": 2.052266836166382}